batch,label,arm,seed,item,first_boundary
chain-20260927-120354,full,R-forced,8400,1,b1
chain-20260927-120354,full,R-forced,8401,1,b1
chain-20260927-120354,full,R-forced,8402,1,b1
chain-20260927-120354,full,R-forced,8403,1,b3
chain-20260927-120354,full,R-forced,8404,1,b1
chain-20260927-120354,full,R-forced,8405,1,b3
chain-20260927-120354,full,R-forced,8406,1,b1
chain-20260927-120354,full,R-forced,8407,1,b1
chain-20260927-120354,full,R-forced,8408,1,b1
chain-20260927-120354,full,R-forced,8409,1,b1
chain-20260927-120354,full,R-forced,8410,1,b1
chain-20260927-120354,full,R-forced,8411,1,b1
chain-20260927-120354,full,R-forced,8400,2,b1
chain-20260927-120354,full,R-forced,8401,2,b1
chain-20260927-120354,full,R-forced,8402,2,b1
chain-20260927-120354,full,R-forced,8403,2,b3
chain-20260927-120354,full,R-forced,8404,2,b1
chain-20260927-120354,full,R-forced,8405,2,never
chain-20260927-120354,full,R-forced,8406,2,b1
chain-20260927-120354,full,R-forced,8407,2,b1
chain-20260927-120354,full,R-forced,8408,2,b1
chain-20260927-120354,full,R-forced,8409,2,b1
chain-20260927-120354,full,R-forced,8410,2,b1
chain-20260927-120354,full,R-forced,8411,2,b1
chain-20260927-120354,full,R-forced,8400,3,b1
chain-20260927-120354,full,R-forced,8401,3,b1
chain-20260927-120354,full,R-forced,8402,3,b1
chain-20260927-120354,full,R-forced,8403,3,never
chain-20260927-120354,full,R-forced,8404,3,b1
chain-20260927-120354,full,R-forced,8405,3,never
chain-20260927-120354,full,R-forced,8406,3,b1
chain-20260927-120354,full,R-forced,8407,3,b1
chain-20260927-120354,full,R-forced,8408,3,b1
chain-20260927-120354,full,R-forced,8409,3,b1
chain-20260927-120354,full,R-forced,8410,3,b1
chain-20260927-120354,full,R-forced,8411,3,b1
chain-20260927-154757-full,full,R-forced,8400,1,b1
chain-20260927-154757-full,full,R-forced,8401,1,b1
chain-20260927-154757-full,full,R-forced,8402,1,b1
chain-20260927-154757-full,full,R-forced,8403,1,b1
chain-20260927-154757-full,full,R-forced,8404,1,b1
chain-20260927-154757-full,full,R-forced,8405,1,b1
chain-20260927-154757-full,full,R-forced,8406,1,b1
chain-20260927-154757-full,full,R-forced,8407,1,b1
chain-20260927-154757-full,full,R-forced,8409,1,b1
chain-20260927-154757-full,full,R-forced,8400,2,b1
chain-20260927-154757-full,full,R-forced,8401,2,b1
chain-20260927-154757-full,full,R-forced,8402,2,b1
chain-20260927-154757-full,full,R-forced,8403,2,b1
chain-20260927-154757-full,full,R-forced,8404,2,never
chain-20260927-154757-full,full,R-forced,8405,2,b1
chain-20260927-154757-full,full,R-forced,8406,2,b1
chain-20260927-154757-full,full,R-forced,8407,2,b1
chain-20260927-154757-full,full,R-forced,8409,2,b1
chain-20260927-154757-full,full,R-forced,8400,3,b1
chain-20260927-154757-full,full,R-forced,8401,3,b1
chain-20260927-154757-full,full,R-forced,8402,3,never
chain-20260927-154757-full,full,R-forced,8403,3,b1
chain-20260927-154757-full,full,R-forced,8404,3,never
chain-20260927-154757-full,full,R-forced,8405,3,b1
chain-20260927-154757-full,full,R-forced,8406,3,b1
chain-20260927-154757-full,full,R-forced,8407,3,b1
chain-20260927-154757-full,full,R-forced,8409,3,b1
chain-20260927-144234-next-hop,next-hop,R-forced,8400,1,b1
chain-20260927-144234-next-hop,next-hop,R-forced,8401,1,b1
chain-20260927-144234-next-hop,next-hop,R-forced,8402,1,b1
chain-20260927-144234-next-hop,next-hop,R-forced,8403,1,b1
chain-20260927-144234-next-hop,next-hop,R-forced,8404,1,b1
chain-20260927-144234-next-hop,next-hop,R-forced,8405,1,b1
chain-20260927-144234-next-hop,next-hop,R-forced,8406,1,b3
chain-20260927-144234-next-hop,next-hop,R-forced,8407,1,b1
chain-20260927-144234-next-hop,next-hop,R-forced,8408,1,b1
chain-20260927-144234-next-hop,next-hop,R-forced,8409,1,b1
chain-20260927-144234-next-hop,next-hop,R-forced,8410,1,b1
chain-20260927-144234-next-hop,next-hop,R-forced,8411,1,b1
chain-20260927-144234-next-hop,next-hop,R-forced,8400,2,never
chain-20260927-144234-next-hop,next-hop,R-forced,8401,2,b3
chain-20260927-144234-next-hop,next-hop,R-forced,8402,2,b2
chain-20260927-144234-next-hop,next-hop,R-forced,8403,2,b2
chain-20260927-144234-next-hop,next-hop,R-forced,8404,2,b2
chain-20260927-144234-next-hop,next-hop,R-forced,8405,2,b2
chain-20260927-144234-next-hop,next-hop,R-forced,8406,2,never
chain-20260927-144234-next-hop,next-hop,R-forced,8407,2,b2
chain-20260927-144234-next-hop,next-hop,R-forced,8408,2,b2
chain-20260927-144234-next-hop,next-hop,R-forced,8409,2,b2
chain-20260927-144234-next-hop,next-hop,R-forced,8410,2,b2
chain-20260927-144234-next-hop,next-hop,R-forced,8411,2,never
chain-20260927-144234-next-hop,next-hop,R-forced,8400,3,never
chain-20260927-144234-next-hop,next-hop,R-forced,8401,3,never
chain-20260927-144234-next-hop,next-hop,R-forced,8402,3,never
chain-20260927-144234-next-hop,next-hop,R-forced,8403,3,b3
chain-20260927-144234-next-hop,next-hop,R-forced,8404,3,never
chain-20260927-144234-next-hop,next-hop,R-forced,8405,3,never
chain-20260927-144234-next-hop,next-hop,R-forced,8406,3,never
chain-20260927-144234-next-hop,next-hop,R-forced,8407,3,never
chain-20260927-144234-next-hop,next-hop,R-forced,8408,3,never
chain-20260927-144234-next-hop,next-hop,R-forced,8409,3,never
chain-20260927-144234-next-hop,next-hop,R-forced,8410,3,never
chain-20260927-144234-next-hop,next-hop,R-forced,8411,3,never
chain-20260927-131947-only-stage1,only-stage1,R-forced,8400,1,b1
chain-20260927-131947-only-stage1,only-stage1,R-forced,8401,1,b1
chain-20260927-131947-only-stage1,only-stage1,R-forced,8402,1,b1
chain-20260927-131947-only-stage1,only-stage1,R-forced,8403,1,b1
chain-20260927-131947-only-stage1,only-stage1,R-forced,8404,1,b1
chain-20260927-131947-only-stage1,only-stage1,R-forced,8405,1,b1
chain-20260927-131947-only-stage1,only-stage1,R-forced,8406,1,b1
chain-20260927-131947-only-stage1,only-stage1,R-forced,8407,1,b1
chain-20260927-131947-only-stage1,only-stage1,R-forced,8408,1,b1
chain-20260927-131947-only-stage1,only-stage1,R-forced,8409,1,b1
chain-20260927-131947-only-stage1,only-stage1,R-forced,8410,1,b1
chain-20260927-131947-only-stage1,only-stage1,R-forced,8411,1,b1
chain-20260927-131947-only-stage1,only-stage1,R-forced,8400,2,never
chain-20260927-131947-only-stage1,only-stage1,R-forced,8401,2,never
chain-20260927-131947-only-stage1,only-stage1,R-forced,8402,2,never
chain-20260927-131947-only-stage1,only-stage1,R-forced,8403,2,never
chain-20260927-131947-only-stage1,only-stage1,R-forced,8404,2,never
chain-20260927-131947-only-stage1,only-stage1,R-forced,8405,2,never
chain-20260927-131947-only-stage1,only-stage1,R-forced,8406,2,never
chain-20260927-131947-only-stage1,only-stage1,R-forced,8407,2,never
chain-20260927-131947-only-stage1,only-stage1,R-forced,8408,2,never
chain-20260927-131947-only-stage1,only-stage1,R-forced,8409,2,never
chain-20260927-131947-only-stage1,only-stage1,R-forced,8410,2,never
chain-20260927-131947-only-stage1,only-stage1,R-forced,8411,2,never
chain-20260927-131947-only-stage1,only-stage1,R-forced,8400,3,never
chain-20260927-131947-only-stage1,only-stage1,R-forced,8401,3,never
chain-20260927-131947-only-stage1,only-stage1,R-forced,8402,3,never
chain-20260927-131947-only-stage1,only-stage1,R-forced,8403,3,never
chain-20260927-131947-only-stage1,only-stage1,R-forced,8404,3,never
chain-20260927-131947-only-stage1,only-stage1,R-forced,8405,3,never
chain-20260927-131947-only-stage1,only-stage1,R-forced,8406,3,never
chain-20260927-131947-only-stage1,only-stage1,R-forced,8407,3,never
chain-20260927-131947-only-stage1,only-stage1,R-forced,8408,3,never
chain-20260927-131947-only-stage1,only-stage1,R-forced,8409,3,never
chain-20260927-131947-only-stage1,only-stage1,R-forced,8410,3,never
chain-20260927-131947-only-stage1,only-stage1,R-forced,8411,3,never
chain-20260927-160307-full-conclusion-only,full/conclusion-only,R-forced,8600,1,b1
chain-20260927-160307-full-conclusion-only,full/conclusion-only,R-forced,8601,1,b1
chain-20260927-160307-full-conclusion-only,full/conclusion-only,R-forced,8600,2,b1
chain-20260927-160307-full-conclusion-only,full/conclusion-only,R-forced,8601,2,b1
chain-20260927-160307-full-conclusion-only,full/conclusion-only,R-forced,8600,3,b1
chain-20260927-160307-full-conclusion-only,full/conclusion-only,R-forced,8601,3,b1
